{
    "point":
    [
        118.9392449266,
        32.1162975294,
        -8.1642586943
    ],
    "radius": 208.2400806042
}
